vlwf34,128,128
vlwf00,128,128
vlwx46,128,128
vlwx07,128,128
vl3e03,128,128
vl3e08,128,128
vl2i42,128,128
vl2i21,128,128
vlmt22,128,128
vlmt14,128,128
vl8618,128,128
vl8636,128,128
vljq19,128,128
vljq34,128,128
vlym45,128,128
vlym13,128,128
vlgi03,128,128
vlgi41,128,128
vljd47,128,128
vljd11,128,128
vlpb46,128,128
vlpb32,128,128
vl2c31,128,128
vl2c17,128,128
vlpw07,128,128
vlpw03,128,128
vlk223,128,128
vlk248,128,128
vlls16,128,128
vlls36,128,128
vlgh41,128,128
vlgh11,128,128
vl5422,128,128
vl5444,128,128
vl0812,128,128
vl0836,128,128
vlhv32,128,128
vlhv28,128,128
vl6028,128,128
vl6032,128,128
vlpa17,128,128
vlpa42,128,128
vlne43,128,128
vlne09,128,128
vl7s15,128,128
vl7s20,128,128
vl3t13,128,128
vl3t22,128,128
vlmc48,128,128
vlmc19,128,128
vl0724,128,128
vl0717,128,128
vljl37,128,128
vljl12,128,128
vliq43,128,128
vliq49,128,128
vlvi47,128,128
vlvi13,128,128
vlv647,128,128
vlv607,128,128
vlfq31,128,128
vlfq38,128,128
vl0z30,128,128
vl0z42,128,128
vl5x42,128,128
vl5x03,128,128
vl1n40,128,128
vl1n36,128,128
vl8w34,128,128
vl8w47,128,128
vlr634,128,128
vlr606,128,128
vl0d06,128,128
vl0d29,128,128
vlv908,128,128
vlv906,128,128
vlaj47,128,128
vlaj02,128,128
vl0904,128,128
vl0944,128,128
vlqh44,128,128
vlqh14,128,128
vlu946,128,128
vlu902,128,128
vl2u33,128,128
vl2u28,128,128
vljz18,128,128
vljz25,128,128
vllf40,128,128
vllf34,128,128
vllb34,128,128
vllb35,128,128
vl1e36,128,128
vl1e47,128,128
vlxl24,128,128
vlxl47,128,128
vlax15,128,128
vlax47,128,128
vl1016,128,128
vl1034,128,128
vlxa03,128,128
vlxa43,128,128
vl0c18,128,128
vl0c04,128,128
vl1a27,128,128
vl1a39,128,128
vl8000,128,128
vl8048,128,128
vliv28,128,128
vliv30,128,128
vl9234,128,128
vl9212,128,128
vlts16,128,128
vlts22,128,128
vlrf25,128,128
vlrf29,128,128
vlql14,128,128
vlql38,128,128
vlgz44,128,128
vlgz34,128,128
vl2f22,128,128
vl2f42,128,128
vlfg46,128,128
vlfg35,128,128
vle727,128,128
vle714,128,128
vlad45,128,128
vlad19,128,128
vll923,128,128
vll922,128,128
vl0547,128,128
vl0527,128,128
vlmq27,128,128
vlmq48,128,128
vlhh08,128,128
vlhh49,128,128
vlup40,128,128
vlup27,128,128
vl4w39,128,128
vl4w42,128,128
vlya42,128,128
vlya02,128,128
vlyx23,128,128
vlyx35,128,128
vlci38,128,128
vlci45,128,128
vlsv25,128,128
vlsv23,128,128
vljo45,128,128
vljo38,128,128
vlez45,128,128
vlez36,128,128
vlw227,128,128
vlw221,128,128
vlvv18,128,128
vlvv20,128,128
vlbi20,128,128
vlbi30,128,128
vln918,128,128
vln949,128,128
vl4143,128,128
vl4104,128,128
vloh41,128,128
vloh34,128,128
vli916,128,128
vli908,128,128
vlj706,128,128
vlj722,128,128
vlct40,128,128
vlct26,128,128
vlix08,128,128
vlix28,128,128
vltv27,128,128
vltv49,128,128
vl5z33,128,128
vl5z29,128,128
vlx133,128,128
vlx143,128,128
vl3b12,128,128
vl3b43,128,128
vlox21,128,128
vlox38,128,128
vlfi05,128,128
vlfi39,128,128
vl9c05,128,128
vl9c23,128,128
vl9t18,128,128
vl9t16,128,128
vld830,128,128
vld819,128,128
vl7102,128,128
vl7101,128,128
vlmp34,128,128
vlmp14,128,128
vlkq03,128,128
vlkq34,128,128
vla141,128,128
vla100,128,128
vl4f03,128,128
vl4f40,128,128
vln145,128,128
vln111,128,128
vl5f42,128,128
vl5f01,128,128
vltk08,128,128
vltk28,128,128
vl4m19,128,128
vl4m08,128,128
vlr117,128,128
vlr102,128,128
vlrv10,128,128
vlrv31,128,128
vlrg48,128,128
vlrg17,128,128
vlma24,128,128
vlma31,128,128
vlyf11,128,128
vlyf37,128,128
vlbg42,128,128
vlbg20,128,128
vles09,128,128
vles12,128,128
vl5038,128,128
vl5019,128,128
vl0237,128,128
vl0239,128,128
vlf636,128,128
vlf645,128,128
vluo33,128,128
vluo14,128,128
vl8117,128,128
vl8111,128,128
vlza35,128,128
vlza39,128,128
vlas37,128,128
vlas14,128,128
vl7j40,128,128
vl7j33,128,128
vl9n11,128,128
vl9n27,128,128
vlfx46,128,128
vlfx12,128,128
vlbb14,128,128
vlbb38,128,128
vlep26,128,128
vlep31,128,128
vlj233,128,128
vlj230,128,128
vlkr16,128,128
vlkr10,128,128
vltu07,128,128
vltu15,128,128
vlul49,128,128
vlul31,128,128
vlb816,128,128
vlb848,128,128
vl2149,128,128
vl2147,128,128
vlkm20,128,128
vlkm29,128,128
vll815,128,128
vll844,128,128
vlwb22,128,128
vlwb24,128,128
vlml32,128,128
vlml10,128,128
vlpg46,128,128
vlpg16,128,128
vllq20,128,128
vllq23,128,128
vll644,128,128
vll631,128,128
vl9308,128,128
vl9334,128,128
vly400,128,128
vly424,128,128
vlcl15,128,128
vlcl16,128,128
vlot19,128,128
vlot46,128,128
vlce29,128,128
vlce07,128,128
vlf010,128,128
vlf011,128,128
vl0602,128,128
vl0618,128,128
vlwt42,128,128
vlwt17,128,128
vlqg17,128,128
vlqg10,128,128
vlrq21,128,128
vlrq39,128,128
vlgj04,128,128
vlgj46,128,128
vl5648,128,128
vl5602,128,128
vl1y40,128,128
vl1y29,128,128
vlq645,128,128
vlq606,128,128
vlmk47,128,128
vlmk00,128,128
vlsr39,128,128
vlsr00,128,128
vl9804,128,128
vl9829,128,128
vl3q48,128,128
vl3q20,128,128
vlz036,128,128
vlz046,128,128
vl1o20,128,128
vl1o42,128,128
vlti30,128,128
vlti48,128,128
vlc101,128,128
vlc146,128,128
vlxs18,128,128
vlxs48,128,128
vlrk23,128,128
vlrk14,128,128
vljh04,128,128
vljh46,128,128
vlki21,128,128
vlki09,128,128
vli604,128,128
vli634,128,128
vlwd07,128,128
vlwd20,128,128
vlt739,128,128
vlt708,128,128
vlbt43,128,128
vlbt17,128,128
vlpk31,128,128
vlpk07,128,128
vlh533,128,128
vlh536,128,128
vlvq03,128,128
vlvq49,128,128
vloe39,128,128
vloe30,128,128
vlmb49,128,128
vlmb44,128,128
vls915,128,128
vls919,128,128
vlpt43,128,128
vlpt23,128,128
vllc31,128,128
vllc49,128,128
vl6f24,128,128
vl6f47,128,128
vloc02,128,128
vloc01,128,128
vlky44,128,128
vlky40,128,128
vlj843,128,128
vlj817,128,128
vliy10,128,128
vliy32,128,128
vlou41,128,128
vlou08,128,128
vlo413,128,128
vlo406,128,128
vlu545,128,128
vlu532,128,128
vlb012,128,128
vlb010,128,128
vl9i06,128,128
vl9i30,128,128
vlhy49,128,128
vlhy23,128,128
vlcs45,128,128
vlcs13,128,128
vl9515,128,128
vl9542,128,128
vlgs47,128,128
vlgs11,128,128
vllu05,128,128
vllu38,128,128
vlbl11,128,128
vlbl06,128,128
vlon48,128,128
vlon25,128,128
vl1423,128,128
vl1427,128,128
vl9d00,128,128
vl9d15,128,128
vl8v32,128,128
vl8v24,128,128
vlqv21,128,128
vlqv05,128,128
vlxk01,128,128
vlxk20,128,128
vlkx39,128,128
vlkx30,128,128
vl1136,128,128
vl1109,128,128
vlh402,128,128
vlh431,128,128
vlj408,128,128
vlj443,128,128
vl0147,128,128
vl0139,128,128
vlbn14,128,128
vlbn26,128,128
vlwm36,128,128
vlwm03,128,128
vlzj44,128,128
vlzj19,128,128
vlmx40,128,128
vlmx47,128,128
vlle21,128,128
vlle14,128,128
vltp17,128,128
vltp20,128,128
vlue13,128,128
vlue19,128,128
vlnc08,128,128
vlnc49,128,128
vlr911,128,128
vlr949,128,128
vlfz30,128,128
vlfz19,128,128
vla507,128,128
vla519,128,128
vl1j41,128,128
vl1j43,128,128
vl4k29,128,128
vl4k15,128,128
vlna09,128,128
vlna15,128,128
vlyj04,128,128
vlyj23,128,128
vluj08,128,128
vluj46,128,128
vl3x13,128,128
vl3x43,128,128
vlp312,128,128
vlp316,128,128
vl5i24,128,128
vl5i34,128,128
vl9647,128,128
vl9610,128,128
vl2q24,128,128
vl2q15,128,128
vld141,128,128
vld100,128,128
vllt46,128,128
vllt24,128,128
vlr510,128,128
vlr521,128,128
vle105,128,128
vle136,128,128
vli814,128,128
vli842,128,128
vla714,128,128
vla725,128,128
vlx927,128,128
vlx930,128,128
vldq01,128,128
vldq16,128,128
vlhn13,128,128
vlhn16,128,128
vl6u29,128,128
vl6u39,128,128
vl9726,128,128
vl9736,128,128
vlag30,128,128
vlag39,128,128
vlsx30,128,128
vlsx06,128,128
vl8s05,128,128
vl8s03,128,128
vl6923,128,128
vl6909,128,128
vlrd44,128,128
vlrd12,128,128
vlpd26,128,128
vlpd39,128,128
vlph14,128,128
vlph23,128,128
vl6r03,128,128
vl6r39,128,128
vl7z11,128,128
vl7z23,128,128
vlo929,128,128
vlo901,128,128
vlee43,128,128
vlee45,128,128
vl5m30,128,128
vl5m09,128,128
vlpr36,128,128
vlpr32,128,128
vllg31,128,128
vllg37,128,128
vlwg47,128,128
vlwg10,128,128
vls022,128,128
vls039,128,128
vl4422,128,128
vl4416,128,128
vled20,128,128
vled30,128,128
vlf924,128,128
vlf946,128,128
vlqn28,128,128
vlqn36,128,128
vlr405,128,128
vlr401,128,128
vld019,128,128
vld031,128,128
vl7y21,128,128
vl7y10,128,128
vlnt00,128,128
vlnt34,128,128
vl4904,128,128
vl4912,128,128
vlt407,128,128
vlt431,128,128
vlkv11,128,128
vlkv22,128,128
vln420,128,128
vln440,128,128
vl4044,128,128
vl4033,128,128
vli310,128,128
vli308,128,128
vlq505,128,128
vlq501,128,128
vl4714,128,128
vl4713,128,128
vlqy05,128,128
vlqy33,128,128
vl5t28,128,128
vl5t29,128,128
vl9o36,128,128
vl9o30,128,128
vlje44,128,128
vlje33,128,128
vlvj32,128,128
vlvj35,128,128
vlrs15,128,128
vlrs03,128,128
vl2y49,128,128
vl2y22,128,128
vlaa45,128,128
vlaa11,128,128
vllh23,128,128
vllh12,128,128
vls517,128,128
vls510,128,128
vliu07,128,128
vliu19,128,128
vl2329,128,128
vl2339,128,128
vlgq36,128,128
vlgq01,128,128
vly138,128,128
vly105,128,128
vlmm31,128,128
vlmm33,128,128
vl9915,128,128
vl9928,128,128
vlac21,128,128
vlac33,128,128
vlum22,128,128
vlum25,128,128
vlrc31,128,128
vlrc47,128,128
vl3m05,128,128
vl3m43,128,128
vl5p06,128,128
vl5p37,128,128
vlkj12,128,128
vlkj48,128,128
vlw911,128,128
vlw929,128,128
vlpu41,128,128
vlpu05,128,128
vldk47,128,128
vldk06,128,128
vloi08,128,128
vloi20,128,128
vlcj41,128,128
vlcj21,128,128
vlxg33,128,128
vlxg08,128,128
vlg324,128,128
vlg344,128,128
vlp633,128,128
vlp630,128,128
vlkb46,128,128
vlkb02,128,128
vlia30,128,128
vlia13,128,128
vlx729,128,128
vlx712,128,128
vlo542,128,128
vlo516,128,128
vlc338,128,128
vlc301,128,128
vlht45,128,128
vlht04,128,128
vlfw19,128,128
vlfw12,128,128
vl6m11,128,128
vl6m03,128,128
vlwv07,128,128
vlwv40,128,128
vl6833,128,128
vl6824,128,128
vlgo14,128,128
vlgo46,128,128
vluc10,128,128
vluc24,128,128
vl7d17,128,128
vl7d01,128,128
vlx642,128,128
vlx608,128,128
vlzq06,128,128
vlzq41,128,128
vlhp19,128,128
vlhp01,128,128
vl2o03,128,128
vl2o13,128,128
vlfn15,128,128
vlfn20,128,128
vl5r24,128,128
vl5r10,128,128
vlvm06,128,128
vlvm18,128,128
vlt047,128,128
vlt041,128,128
vlwn44,128,128
vlwn06,128,128
vlf748,128,128
vlf727,128,128
vlxr22,128,128
vlxr03,128,128
vll746,128,128
vll706,128,128
vlm017,128,128
vlm049,128,128
vlub19,128,128
vlub01,128,128
vl5v28,128,128
vl5v04,128,128
vlfs00,128,128
vlfs11,128,128
vl7u19,128,128
vl7u20,128,128
vlip15,128,128
vlip10,128,128
vl5s17,128,128
vl5s19,128,128
vlrh18,128,128
vlrh39,128,128
vl0l14,128,128
vl0l20,128,128
vl6o31,128,128
vl6o35,128,128
vl3v03,128,128
vl3v21,128,128
vl8926,128,128
vl8938,128,128
vlh629,128,128
vlh646,128,128
vljp21,128,128
vljp49,128,128
vlop37,128,128
vlop31,128,128
vll110,128,128
vll114,128,128
vllk16,128,128
vllk24,128,128
vlif47,128,128
vlif39,128,128
vlpy24,128,128
vlpy33,128,128
vl5c08,128,128
vl5c30,128,128
vlux35,128,128
vlux45,128,128
vlqm12,128,128
vlqm30,128,128
vlyd36,128,128
vlyd24,128,128
vl4r38,128,128
vl4r24,128,128
vl6p47,128,128
vl6p07,128,128
vls604,128,128
vls644,128,128
vlpx38,128,128
vlpx11,128,128
vldv04,128,128
vldv36,128,128
vlnj48,128,128
vlnj49,128,128
vl9q14,128,128
vl9q44,128,128
vlg405,128,128
vlg427,128,128
vl4u37,128,128
vl4u20,128,128
vldz01,128,128
vldz26,128,128
vl0315,128,128
vl0319,128,128
vlxz06,128,128
vlxz45,128,128
vly816,128,128
vly820,128,128
vl2g39,128,128
vl2g23,128,128
vlqu18,128,128
vlqu19,128,128
vlqw20,128,128
vlqw25,128,128
vlvu03,128,128
vlvu21,128,128
vlbk23,128,128
vlbk22,128,128
vl9b48,128,128
vl9b36,128,128
vl2844,128,128
vl2827,128,128
vlxj08,128,128
vlxj41,128,128
vl7e03,128,128
vl7e17,128,128
vlr830,128,128
vlr846,128,128
vlv213,128,128
vlv219,128,128
vlnz45,128,128
vlnz11,128,128
vldc17,128,128
vldc41,128,128
vl1i07,128,128
vl1i22,128,128
vlrz29,128,128
vlrz14,128,128
vlys06,128,128
vlys48,128,128
vley29,128,128
vley11,128,128
vlxe36,128,128
vlxe44,128,128
vll231,128,128
vll246,128,128
vlxx48,128,128
vlxx17,128,128
vlvc31,128,128
vlvc06,128,128
vla422,128,128
vla400,128,128
vlh806,128,128
vlh810,128,128
vlp507,128,128
vlp538,128,128
vlde47,128,128
vlde32,128,128
vlek15,128,128
vlek37,128,128
vlks14,128,128
vlks39,128,128
vlb507,128,128
vlb501,128,128
vldb44,128,128
vldb09,128,128
vlzt00,128,128
vlzt37,128,128
vlk905,128,128
vlk943,128,128
vl2x21,128,128
vl2x03,128,128
vlwc06,128,128
vlwc30,128,128
vldt48,128,128
vldt25,128,128
vldp10,128,128
vldp48,128,128
vlq230,128,128
vlq215,128,128
vlaz35,128,128
vlaz43,128,128
vlxc40,128,128
vlxc48,128,128
vlr234,128,128
vlr213,128,128
vl6a21,128,128
vl6a30,128,128
vl1b36,128,128
vl1b38,128,128
vlxh30,128,128
vlxh42,128,128
vlu803,128,128
vlu812,128,128
vl9x08,128,128
vl9x47,128,128
vlvy01,128,128
vlvy46,128,128
vl0t05,128,128
vl0t06,128,128
vlv735,128,128
vlv749,128,128
vlcu05,128,128
vlcu43,128,128
vlve15,128,128
vlve39,128,128
vlgc04,128,128
vlgc16,128,128
vl7k33,128,128
vl7k26,128,128
vlgv28,128,128
vlgv26,128,128
vlnu00,128,128
vlnu46,128,128
vlm822,128,128
vlm815,128,128
vl0a23,128,128
vl0a04,128,128
vlex14,128,128
vlex22,128,128
vlz142,128,128
vlz132,128,128
vl3g40,128,128
vl3g49,128,128
vlqx23,128,128
vlqx24,128,128
vlzv21,128,128
vlzv31,128,128
vlsh17,128,128
vlsh29,128,128
vlhb05,128,128
vlhb32,128,128
vlus10,128,128
vlus21,128,128
vlsi18,128,128
vlsi43,128,128
vl4p32,128,128
vl4p30,128,128
vl3w17,128,128
vl3w46,128,128
vly600,128,128
vly628,128,128
vlli04,128,128
vlli27,128,128
vlye24,128,128
vlye33,128,128
vl8333,128,128
vl8314,128,128
vlnn02,128,128
vlnn06,128,128
vlu306,128,128
vlu330,128,128
vl5g33,128,128
vl5g00,128,128
vl6b35,128,128
vl6b24,128,128
vlji21,128,128
vlji42,128,128
vlba17,128,128
vlba12,128,128
vls149,128,128
vls132,128,128
vl3c04,128,128
vl3c07,128,128
vlss28,128,128
vlss18,128,128
vluf46,128,128
vluf15,128,128
vl0025,128,128
vl0033,128,128
vlq131,128,128
vlq100,128,128
vlmd30,128,128
vlmd14,128,128
vlws10,128,128
vlws49,128,128
vl5u15,128,128
vl5u04,128,128
vlvr33,128,128
vlvr00,128,128
vlg929,128,128
vlg915,128,128
vlvb45,128,128
vlvb19,128,128
vl2t29,128,128
vl2t36,128,128
vl2z16,128,128
vl2z03,128,128
vle249,128,128
vle221,128,128
vlsd16,128,128
vlsd09,128,128
vl1m44,128,128
vl1m21,128,128
vltd04,128,128
vltd21,128,128
vl3u24,128,128
vl3u16,128,128
vlut31,128,128
vlut44,128,128
vl6q17,128,128
vl6q23,128,128
vl1x36,128,128
vl1x11,128,128
vlxd35,128,128
vlxd44,128,128
vlin17,128,128
vlin20,128,128
vl0k17,128,128
vl0k23,128,128
vlod36,128,128
vlod04,128,128
vl3221,128,128
vl3238,128,128
vlsp09,128,128
vlsp34,128,128
vlk501,128,128
vlk529,128,128
vl9s06,128,128
vl9s28,128,128
vlkf04,128,128
vlkf42,128,128
vlnq43,128,128
vlnq36,128,128
vl9j03,128,128
vl9j01,128,128
vlau34,128,128
vlau42,128,128
vl9p03,128,128
vl9p46,128,128
vlrn35,128,128
vlrn03,128,128
vli201,128,128
vli212,128,128
vluz02,128,128
vluz01,128,128
vlzm22,128,128
vlzm49,128,128
vl8f25,128,128
vl8f45,128,128
vljf18,128,128
vljf32,128,128
vlrj37,128,128
vlrj28,128,128
vlc033,128,128
vlc044,128,128
vlb410,128,128
vlb433,128,128
vlom28,128,128
vlom01,128,128
vl8700,128,128
vl8737,128,128
vlyp02,128,128
vlyp01,128,128
vl5844,128,128
vl5803,128,128
vlf834,128,128
vlf823,128,128
vlxn45,128,128
vlxn31,128,128
vl0y47,128,128
vl0y17,128,128
vlfj16,128,128
vlfj31,128,128
vl7p13,128,128
vl7p39,128,128
vlf137,128,128
vlf111,128,128
vlqd05,128,128
vlqd48,128,128
vlt129,128,128
vlt133,128,128
vl6235,128,128
vl6249,128,128
vljv46,128,128
vljv26,128,128
vlfl40,128,128
vlfl30,128,128
vlq027,128,128
vlq030,128,128
vlxq27,128,128
vlxq44,128,128
vl1g05,128,128
vl1g39,128,128
vlcd31,128,128
vlcd20,128,128
vlw601,128,128
vlw634,128,128
vlh946,128,128
vlh934,128,128
vl7f12,128,128
vl7f19,128,128
vlda12,128,128
vlda30,128,128
vl7943,128,128
vl7942,128,128
vlre46,128,128
vlre31,128,128
vlw026,128,128
vlw030,128,128
vlpm41,128,128
vlpm20,128,128
vlgl45,128,128
vlgl19,128,128
vlz638,128,128
vlz632,128,128
vleu31,128,128
vleu26,128,128
vlz749,128,128
vlz745,128,128
vlig15,128,128
vlig11,128,128
vl1d18,128,128
vl1d00,128,128
vlsm18,128,128
vlsm38,128,128
vli740,128,128
vli713,128,128
vltj19,128,128
vltj05,128,128
vlea14,128,128
vlea03,128,128
vlxo47,128,128
vlxo07,128,128
vl0436,128,128
vl0416,128,128
vllz09,128,128
vllz31,128,128
vlga29,128,128
vlga19,128,128
vlru31,128,128
vlru25,128,128
vl7531,128,128
vl7515,128,128
vlhi31,128,128
vlhi10,128,128
vl8i12,128,128
vl8i26,128,128
vl6z36,128,128
vl6z07,128,128
vlvf27,128,128
vlvf40,128,128
vlqq22,128,128
vlqq16,128,128
vlfb42,128,128
vlfb06,128,128
vltr07,128,128
vltr09,128,128
vlzi06,128,128
vlzi03,128,128
vljx41,128,128
vljx45,128,128
vlbd38,128,128
vlbd34,128,128
vlyh04,128,128
vlyh11,128,128
vlqs48,128,128
vlqs06,128,128
vl5y24,128,128
vl5y06,128,128
vlka47,128,128
vlka08,128,128
vlhg17,128,128
vlhg35,128,128
vlu019,128,128
vlu024,128,128
vlxy18,128,128
vlxy11,128,128
vl3125,128,128
vl3127,128,128
vl2r31,128,128
vl2r10,128,128
vl3f46,128,128
vl3f42,128,128
vloz35,128,128
vloz07,128,128
vlbh40,128,128
vlbh42,128,128
vlzy28,128,128
vlzy44,128,128
vlij22,128,128
vlij09,128,128
vlid13,128,128
vlid29,128,128
vl8c27,128,128
vl8c44,128,128
vlj336,128,128
vlj344,128,128
vlzs45,128,128
vlzs31,128,128
vlw804,128,128
vlw844,128,128
vlgp29,128,128
vlgp43,128,128
vl4322,128,128
vl4308,128,128
vlkl23,128,128
vlkl40,128,128
vlcc33,128,128
vlcc07,128,128
vl8z31,128,128
vl8z38,128,128
vlft42,128,128
vlft14,128,128
vlsa15,128,128
vlsa28,128,128
vlr046,128,128
vlr043,128,128
vljr37,128,128
vljr47,128,128
vlao26,128,128
vlao20,128,128
vl0q24,128,128
vl0q17,128,128
vljs00,128,128
vljs34,128,128
vlio23,128,128
vlio34,128,128
vlzo31,128,128
vlzo34,128,128
vlh142,128,128
vlh110,128,128
vltm01,128,128
vltm27,128,128
vlcz12,128,128
vlcz40,128,128
vlr315,128,128
vlr325,128,128
vl4v09,128,128
vl4v30,128,128
vll421,128,128
vll436,128,128
vla223,128,128
vla205,128,128
vlze30,128,128
vlze00,128,128
vlil42,128,128
vlil08,128,128
vl0f45,128,128
vl0f00,128,128
vl3720,128,128
vl3744,128,128
vllj01,128,128
vllj04,128,128
vl4h12,128,128
vl4h36,128,128
vlmo25,128,128
vlmo10,128,128
vl2n11,128,128
vl2n14,128,128
vllx22,128,128
vllx16,128,128
vl6704,128,128
vl6724,128,128
vl6d04,128,128
vl6d41,128,128
vleo40,128,128
vleo42,128,128
vlxw48,128,128
vlxw09,128,128
vlw728,128,128
vlw700,128,128
vl1l21,128,128
vl1l19,128,128
vl5133,128,128
vl5121,128,128
vlqa35,128,128
vlqa23,128,128
vlc635,128,128
vlc611,128,128
vlqf16,128,128
vlqf21,128,128
vlbu38,128,128
vlbu44,128,128
vl9a34,128,128
vl9a14,128,128
vlju47,128,128
vlju33,128,128
vlzr20,128,128
vlzr45,128,128
vlz845,128,128
vlz824,128,128
vlcw20,128,128
vlcw24,128,128
vl7618,128,128
vl7602,128,128
vlva41,128,128
vlva10,128,128
vlcr00,128,128
vlcr02,128,128
vlw130,128,128
vlw128,128,128
vlua16,128,128
vlua31,128,128
vl7h02,128,128
vl7h29,128,128
vlk317,128,128
vlk302,128,128
vlbf27,128,128
vlbf42,128,128
vlfa22,128,128
vlfa08,128,128
vleg33,128,128
vleg10,128,128
vlfc28,128,128
vlfc19,128,128
vlko03,128,128
vlko43,128,128
vly746,128,128
vly700,128,128
vlyg40,128,128
vlyg42,128,128
vll514,128,128
vll546,128,128
vl8t32,128,128
vl8t16,128,128
vl4z09,128,128
vl4z07,128,128
vlgr34,128,128
vlgr14,128,128
vly528,128,128
vly544,128,128
vlc217,128,128
vlc238,128,128
vlmw46,128,128
vlmw32,128,128
vldd22,128,128
vldd06,128,128
vlgy17,128,128
vlgy19,128,128
vl1w19,128,128
vl1w31,128,128
vlsu24,128,128
vlsu29,128,128
vlla29,128,128
vlla39,128,128
vln832,128,128
vln830,128,128
vlm218,128,128
vlm240,128,128
vl6120,128,128
vl6141,128,128
vlwo12,128,128
vlwo37,128,128
vloy38,128,128
vloy43,128,128
vlar38,128,128
vlar09,128,128
vlov42,128,128
vlov07,128,128
vlug29,128,128
vlug02,128,128
vlic44,128,128
vlic38,128,128
vlxv46,128,128
vlxv00,128,128
vlld33,128,128
vlld20,128,128
vli535,128,128
vli545,128,128
vlck47,128,128
vlck06,128,128
vld500,128,128
vld516,128,128
vlp007,128,128
vlp024,128,128
vlvz31,128,128
vlvz28,128,128
vllm40,128,128
vllm02,128,128
vl6445,128,128
vl6413,128,128
vlgf34,128,128
vlgf06,128,128
vl0m21,128,128
vl0m35,128,128
vlvk10,128,128
vlvk02,128,128
vlco24,128,128
vlco34,128,128
vlby05,128,128
vlby46,128,128
vlbm12,128,128
vlbm39,128,128
vl4t39,128,128
vl4t17,128,128
vly014,128,128
vly032,128,128
vljm08,128,128
vljm24,128,128
vl3s38,128,128
vl3s11,128,128
vl3j14,128,128
vl3j38,128,128
vlnx41,128,128
vlnx09,128,128
vldn39,128,128
vldn24,128,128
vl7i34,128,128
vl7i26,128,128
vlmu00,128,128
vlmu15,128,128
vl0h44,128,128
vl0h07,128,128
vlsj14,128,128
vlsj38,128,128
vlyb33,128,128
vlyb00,128,128
vldj23,128,128
vldj47,128,128
vlww19,128,128
vlww03,128,128
vlpq43,128,128
vlpq42,128,128
vl5e48,128,128
vl5e27,128,128
vlfm34,128,128
vlfm26,128,128
vla344,128,128
vla313,128,128
vl3442,128,128
vl3431,128,128
vlvs36,128,128
vlvs42,128,128
vlmy20,128,128
vlmy31,128,128
vlcm30,128,128
vlcm48,128,128
vlo103,128,128
vlo131,128,128
vlow00,128,128
vlow04,128,128
vlih05,128,128
vlih10,128,128
vld915,128,128
vld933,128,128
vlp801,128,128
vlp827,128,128
vlaq26,128,128
vlaq17,128,128
vlsg45,128,128
vlsg01,128,128
vloa05,128,128
vloa22,128,128
vl8u09,128,128
vl8u49,128,128
vlcx04,128,128
vlcx32,128,128
vl3515,128,128
vl3537,128,128
vlnl23,128,128
vlnl24,128,128
vld445,128,128
vld437,128,128
vld616,128,128
vld629,128,128
vliz41,128,128
vliz25,128,128
vlwe23,128,128
vlwe15,128,128
vldm32,128,128
vldm19,128,128
vl9401,128,128
vl9400,128,128
vl8205,128,128
vl8240,128,128
vle323,128,128
vle343,128,128
vldx37,128,128
vldx29,128,128
vlvx21,128,128
vlvx04,128,128
vlbo02,128,128
vlbo37,128,128
vl2h45,128,128
vl2h07,128,128
vlwi26,128,128
vlwi32,128,128
vloo40,128,128
vloo29,128,128
vlh024,128,128
vlh042,128,128
vlpl27,128,128
vlpl22,128,128
vl4x44,128,128
vl4x28,128,128
vlcv30,128,128
vlcv09,128,128
vlqe32,128,128
vlqe37,128,128
vl8e37,128,128
vl8e38,128,128
vl3304,128,128
vl3319,128,128
vllw34,128,128
vllw12,128,128
vlfv27,128,128
vlfv47,128,128
vlwz18,128,128
vlwz36,128,128
vlkd42,128,128
vlkd49,128,128
vl5505,128,128
vl5526,128,128
vlwj21,128,128
vlwj06,128,128
vl9y24,128,128
vl9y46,128,128
vljt25,128,128
vljt36,128,128
vlro12,128,128
vlro05,128,128
vlc849,128,128
vlc807,128,128
vl7v06,128,128
vl7v17,128,128
vlnp37,128,128
vlnp45,128,128
vldh12,128,128
vldh09,128,128
vlx049,128,128
vlx043,128,128
vl9f43,128,128
vl9f39,128,128
vl8r14,128,128
vl8r31,128,128
vlo811,128,128
vlo835,128,128
vlpp47,128,128
vlpp20,128,128
vlak42,128,128
vlak18,128,128
vljn39,128,128
vljn49,128,128
vlds09,128,128
vlds37,128,128
vlvg19,128,128
vlvg05,128,128
vlsq35,128,128
vlsq45,128,128
vlof48,128,128
vlof46,128,128
vlf333,128,128
vlf348,128,128
vlso14,128,128
vlso09,128,128
vle440,128,128
vle403,128,128
vl4c04,128,128
vl4c12,128,128
vlf433,128,128
vlf408,128,128
vlrb16,128,128
vlrb28,128,128
vl9u02,128,128
vl9u24,128,128
vlik39,128,128
vlik18,128,128
vlgn03,128,128
vlgn44,128,128
vlkh37,128,128
vlkh26,128,128
vlja23,128,128
vlja47,128,128
vl1744,128,128
vl1708,128,128
vlb730,128,128
vlb735,128,128
vlok15,128,128
vlok29,128,128
vl1p41,128,128
vl1p27,128,128
vltt39,128,128
vltt31,128,128
vlhe17,128,128
vlhe48,128,128
vlii01,128,128
vlii06,128,128
vlv339,128,128
vlv322,128,128
vls834,128,128
vls823,128,128
vltw46,128,128
vltw11,128,128
vlhq13,128,128
vlhq18,128,128
vl0p41,128,128
vl0p29,128,128
vlnr23,128,128
vlnr15,128,128
vljg32,128,128
vljg21,128,128
vl5o49,128,128
vl5o21,128,128
vl9z16,128,128
vl9z39,128,128
vlp748,128,128
vlp725,128,128
vl7240,128,128
vl7212,128,128
vl6y32,128,128
vl6y10,128,128
vl2205,128,128
vl2231,128,128
vlj543,128,128
vlj508,128,128
vlef15,128,128
vlef17,128,128
vldu20,128,128
vldu11,128,128
vlg838,128,128
vlg835,128,128
vlnw33,128,128
vlnw08,128,128
vlm945,128,128
vlm928,128,128
vl5n15,128,128
vl5n27,128,128
vl8o17,128,128
vl8o07,128,128
vldw31,128,128
vldw14,128,128
vlx843,128,128
vlx801,128,128
vlln44,128,128
vlln47,128,128
vl6319,128,128
vl6316,128,128
vlha13,128,128
vlha06,128,128
vlcg26,128,128
vlcg43,128,128
vlrr30,128,128
vlrr23,128,128
vlhc40,128,128
vlhc05,128,128
vlbp49,128,128
vlbp17,128,128
vljc00,128,128
vljc27,128,128
vl3647,128,128
vl3606,128,128
vlg515,128,128
vlg500,128,128
vlvd11,128,128
vlvd20,128,128
vlhj21,128,128
vlhj27,128,128
vltq43,128,128
vltq41,128,128
vl6l02,128,128
vl6l46,128,128
vln305,128,128
vln317,128,128
vltx15,128,128
vltx06,128,128
vl0x49,128,128
vl0x43,128,128
vlgk12,128,128
vlgk36,128,128
vls739,128,128
vls720,128,128
vl7t02,128,128
vl7t31,128,128
vlb609,128,128
vlb608,128,128
vlfu46,128,128
vlfu22,128,128
vlz523,128,128
vlz503,128,128
vlwp23,128,128
vlwp49,128,128
vl4o48,128,128
vl4o18,128,128
vlbv10,128,128
vlbv43,128,128
vl0n37,128,128
vl0n18,128,128
vl3y32,128,128
vl3y16,128,128
vlj637,128,128
vlj617,128,128
vl8k31,128,128
vl8k30,128,128
vlo649,128,128
vlo620,128,128
vlyv39,128,128
vlyv02,128,128
vld321,128,128
vld343,128,128
vlvp09,128,128
vlvp34,128,128
vlui44,128,128
vlui30,128,128
vlzf32,128,128
vlzf43,128,128
vlpj29,128,128
vlpj43,128,128
vl8q15,128,128
vl8q25,128,128
vl7818,128,128
vl7843,128,128
vlkt25,128,128
vlkt46,128,128
vlzp36,128,128
vlzp41,128,128
vljj04,128,128
vljj45,128,128
vl6s11,128,128
vl6s49,128,128
vlh312,128,128
vlh307,128,128
vlwh18,128,128
vlwh38,128,128
vl2504,128,128
vl2501,128,128
vl6t49,128,128
vl6t11,128,128
vlap20,128,128
vlap14,128,128
vlbj48,128,128
vlbj27,128,128
vlxu01,128,128
vlxu23,128,128
vlae37,128,128
vlae20,128,128
vlcp06,128,128
vlcp16,128,128
vlqk00,128,128
vlqk07,128,128
vl3829,128,128
vl3834,128,128
vlzx10,128,128
vlzx14,128,128
vlhl06,128,128
vlhl24,128,128
vl1810,128,128
vl1804,128,128
vlav02,128,128
vlav19,128,128
vleh44,128,128
vleh20,128,128
vl2p29,128,128
vl2p41,128,128
vlkg16,128,128
vlkg05,128,128
vl3l30,128,128
vl3l22,128,128
vlol42,128,128
vlol48,128,128
vly228,128,128
vly216,128,128
vl7436,128,128
vl7430,128,128
vl7w21,128,128
vl7w15,128,128
vlaf38,128,128
vlaf27,128,128
vlu629,128,128
vlu645,128,128
vlyk47,128,128
vlyk25,128,128
vlah28,128,128
vlah21,128,128
vlis14,128,128
vlis24,128,128
vlwa30,128,128
vlwa04,128,128
vlcb30,128,128
vlcb26,128,128
vl3n17,128,128
vl3n20,128,128
vl0b13,128,128
vl0b25,128,128
vlor18,128,128
vlor05,128,128
vl8n03,128,128
vl8n42,128,128
vl4n06,128,128
vl4n49,128,128
vlke33,128,128
vlke04,128,128
vlyz33,128,128
vlyz44,128,128
vlw407,128,128
vlw410,128,128
vlm104,128,128
vlm113,128,128
vl4l10,128,128
vl4l14,128,128
vlbq42,128,128
vlbq10,128,128
vla615,128,128
vla608,128,128
vlu104,128,128
vlu138,128,128
vlp938,128,128
vlp902,128,128
vlwr22,128,128
vlwr00,128,128
vlt334,128,128
vlt327,128,128
vl6g18,128,128
vl6g49,128,128
vl4a22,128,128
vl4a24,128,128
vljw14,128,128
vljw30,128,128
vl3z14,128,128
vl3z02,128,128
vl7024,128,128
vl7028,128,128
vlmh03,128,128
vlmh36,128,128
vl0u23,128,128
vl0u31,128,128
vlzh16,128,128
vlzh31,128,128
vlrp47,128,128
vlrp05,128,128
vlc936,128,128
vlc921,128,128
vlkn49,128,128
vlkn30,128,128
vlb909,128,128
vlb940,128,128
vlsf12,128,128
vlsf37,128,128
vljy25,128,128
vljy03,128,128
vlc507,128,128
vlc542,128,128
vlkp44,128,128
vlkp37,128,128
vlie02,128,128
vlie04,128,128
vlfo05,128,128
vlfo22,128,128
vle800,128,128
vle841,128,128
vl6w47,128,128
vl6w20,128,128
vl5l37,128,128
vl5l42,128,128
vltg44,128,128
vltg25,128,128
vlpe32,128,128
vlpe35,128,128
vl6k36,128,128
vl6k40,128,128
vlpn46,128,128
vlpn34,128,128
vlj018,128,128
vlj007,128,128
vlc407,128,128
vlc417,128,128
vlu206,128,128
vlu222,128,128
vl0w22,128,128
vl0w37,128,128
vlbx18,128,128
vlbx31,128,128
vli102,128,128
vli121,128,128
vlyn17,128,128
vlyn33,128,128
vlho16,128,128
vlho09,128,128
vllv34,128,128
vllv47,128,128
vl3047,128,128
vl3044,128,128
vlyt00,128,128
vlyt12,128,128
vlpf03,128,128
vlpf29,128,128
vlej02,128,128
vlej18,128,128
vl9w35,128,128
vl9w36,128,128
vl0s02,128,128
vl0s31,128,128
vlyq12,128,128
vlyq16,128,128
vlkc28,128,128
vlkc07,128,128
vlm409,128,128
vlm443,128,128
vlv530,128,128
vlv537,128,128
vltb34,128,128
vltb01,128,128
vl9l12,128,128
vl9l32,128,128
vlgu31,128,128
vlgu48,128,128
vlzw25,128,128
vlzw35,128,128
vlv844,128,128
vlv826,128,128
vlyy08,128,128
vlyy18,128,128
vl3d44,128,128
vl3d14,128,128
vl5k10,128,128
vl5k41,128,128
vlal06,128,128
vlal42,128,128
vlsc33,128,128
vlsc49,128,128
vld719,128,128
vld718,128,128
vl0g41,128,128
vl0g38,128,128
vlaw02,128,128
vlaw47,128,128
vln631,128,128
vln619,128,128
vlet22,128,128
vlet03,128,128
vlyl42,128,128
vlyl22,128,128
vlq424,128,128
vlq409,128,128
vlay26,128,128
vlay21,128,128
vlk743,128,128
vlk729,128,128
vlan41,128,128
vlan29,128,128
vl5h04,128,128
vl5h23,128,128
vl5d14,128,128
vl5d47,128,128
vl8x28,128,128
vl8x19,128,128
vlg718,128,128
vlg709,128,128
vluh11,128,128
vluh03,128,128
vly941,128,128
vly931,128,128
vl6610,128,128
vl6608,128,128
vl5a44,128,128
vl5a41,128,128
vlrw21,128,128
vlrw01,128,128
vle949,128,128
vle945,128,128
vlt630,128,128
vlt642,128,128
vl5q41,128,128
vl5q20,128,128
vlz923,128,128
vlz905,128,128
vl7l27,128,128
vl7l41,128,128
vl4y04,128,128
vl4y33,128,128
vlmf14,128,128
vlmf10,128,128
vl8538,128,128
vl8502,128,128
vlcf35,128,128
vlcf23,128,128
vldo18,128,128
vldo26,128,128
vlx512,128,128
vlx534,128,128
vl7a35,128,128
vl7a32,128,128
vl9v42,128,128
vl9v10,128,128
vl7m41,128,128
vl7m07,128,128
vlsl00,128,128
vlsl47,128,128
vlta05,128,128
vlta16,128,128
vlgd04,128,128
vlgd15,128,128
vlqz32,128,128
vlqz12,128,128
vlku41,128,128
vlku46,128,128
vl7q40,128,128
vl7q01,128,128
vlgt34,128,128
vlgt25,128,128
vlj110,128,128
vlj138,128,128
vlq911,128,128
vlq913,128,128
vlnd23,128,128
vlnd17,128,128
vlzb27,128,128
vlzb48,128,128
vlzn09,128,128
vlzn16,128,128
vlem34,128,128
vlem07,128,128
vl3a25,128,128
vl3a46,128,128
vlkw13,128,128
vlkw31,128,128
vle635,128,128
vle607,128,128
vlbs38,128,128
vlbs44,128,128
vlxp02,128,128
vlxp19,128,128
vlxb44,128,128
vlxb18,128,128
vlxi23,128,128
vlxi06,128,128
vlt512,128,128
vlt519,128,128
vl5225,128,128
vl5205,128,128
vldi14,128,128
vldi23,128,128
vl8g20,128,128
vl8g33,128,128
vlni04,128,128
vlni33,128,128
vlg601,128,128
vlg646,128,128
vlfr26,128,128
vlfr25,128,128
vluq05,128,128
vluq27,128,128
vl3r46,128,128
vl3r14,128,128
vl7r48,128,128
vl7r26,128,128
vlq347,128,128
vlq341,128,128
vlk808,128,128
vlk833,128,128
vl6v21,128,128
vl6v45,128,128
vlw346,128,128
vlw307,128,128
vlz209,128,128
vlz201,128,128
vlmi43,128,128
vlmi25,128,128
vl1q02,128,128
vl1q39,128,128
vlai10,128,128
vlai48,128,128
vlew03,128,128
vlew21,128,128
vlbz08,128,128
vlbz32,128,128
vl1z30,128,128
vl1z32,128,128
vlib27,128,128
vlib11,128,128
vln024,128,128
vln035,128,128
vl1521,128,128
vl1545,128,128
vl4g04,128,128
vl4g22,128,128
vlse41,128,128
vlse15,128,128
vlbe32,128,128
vlbe28,128,128
vl7g31,128,128
vl7g33,128,128
vlir24,128,128
vlir16,128,128
vloq37,128,128
vloq10,128,128
vlnk45,128,128
vlnk39,128,128
vlf522,128,128
vlf545,128,128
vlb123,128,128
vlb141,128,128
vl1204,128,128
vl1202,128,128
vlqt38,128,128
vlqt32,128,128
vl6e35,128,128
vl6e49,128,128
vl1k38,128,128
vl1k13,128,128
vl9h02,128,128
vl9h38,128,128
vlk615,128,128
vlk637,128,128
vln723,128,128
vln733,128,128